ID_Customer,purchase_flag_grp1_Automation Modules,purchase_flag_grp1_Core Products,purchase_flag_grp1_Maintenance Kits,purchase_flag_grp1_Premium Products,purchase_flag_grp1_Safety Solutions,purchase_flag_grp1_Service Contracts
C00001,1,1,1,1,0,0
C00002,1,1,0,1,1,0
C00003,0,1,1,1,1,1
C00004,1,1,1,0,0,0
C00005,1,1,0,1,0,1
C00006,1,1,1,1,1,1
C00007,1,1,1,1,0,1
C00008,1,1,1,0,0,0
C00009,1,1,1,0,0,1
C00010,1,1,1,1,1,0
C00011,1,1,0,1,0,1
C00012,1,1,1,0,0,1
C00013,1,0,0,0,1,1
C00014,0,1,1,0,1,0
C00015,1,1,1,0,1,1
C00016,1,1,1,0,1,1
C00017,1,1,0,1,0,1
C00018,1,1,0,1,0,1
C00019,1,1,1,1,1,0
C00020,1,1,1,0,0,1
C00021,0,1,0,1,0,1
C00022,1,1,1,1,0,1
C00023,1,0,1,0,0,0
C00024,1,1,1,1,1,0
C00025,1,1,0,1,0,1
C00026,0,1,1,1,0,1
C00027,1,0,0,0,0,1
C00028,1,1,1,0,1,0
C00029,0,1,1,0,1,1
C00030,1,1,1,0,1,0
C00031,1,0,1,1,0,0
C00032,1,1,0,1,0,1
C00033,1,1,0,1,0,1
C00034,1,1,1,1,1,0
C00035,1,0,1,1,1,0
C00036,0,1,0,1,1,0
C00037,1,1,1,0,0,1
C00038,1,1,0,0,1,1
C00039,1,1,1,0,0,1
C00040,1,1,1,0,1,1
C00041,1,1,1,1,1,0
C00042,1,1,0,0,1,1
C00043,1,1,0,1,1,1
C00044,1,1,1,0,1,1
C00045,0,1,1,0,0,1
C00046,1,1,1,0,1,1
C00047,0,1,1,1,0,1
C00048,1,1,1,1,0,0
C00049,1,1,0,1,1,0
C00050,1,0,1,0,1,0
C00051,1,1,1,0,0,0
C00052,1,0,0,1,0,0
C00053,1,0,0,1,1,0
C00054,1,1,1,0,0,0
C00055,1,1,1,1,1,0
C00056,1,1,0,0,0,0
C00057,1,0,0,0,0,0
C00058,1,1,1,1,0,1
C00059,1,1,1,1,0,0
C00060,1,1,1,1,1,1
C00061,0,1,0,1,1,0
C00062,0,1,1,1,1,1
C00063,1,0,1,1,0,0
C00064,1,1,1,1,1,0
C00065,1,1,1,1,1,0
C00066,1,0,1,1,0,0
C00067,1,1,1,1,0,1
C00068,0,1,0,1,1,1
C00069,1,0,1,1,0,1
C00070,1,1,1,1,0,1
C00071,1,1,1,0,0,1
C00072,1,0,1,0,0,1
C00073,1,1,1,1,0,1
C00074,0,1,1,1,0,1
C00075,1,1,1,1,0,0
C00076,1,1,0,1,1,0
C00077,1,1,0,0,0,1
C00078,1,0,0,1,1,1
C00079,1,1,1,1,0,1
C00080,0,1,0,0,0,1
C00081,1,0,1,0,0,1
C00082,0,1,0,1,0,1
C00083,1,1,1,1,0,0
C00084,0,1,1,0,1,1
C00085,1,1,1,0,1,1
C00086,0,1,1,1,0,1
C00087,1,0,1,1,0,1
C00088,1,1,0,0,1,1
C00089,1,1,1,0,0,1
C00090,1,1,1,1,1,1
C00091,1,1,1,1,1,1
C00092,0,0,1,1,1,0
C00093,1,0,1,0,0,1
C00094,1,1,1,0,1,1
C00095,1,0,0,1,1,1
C00096,1,1,0,0,0,0
C00097,1,0,1,0,1,1
C00098,1,1,1,0,0,0
C00099,0,1,0,0,1,1
C00100,0,1,0,1,0,1
C00101,1,1,0,1,0,1
C00102,1,1,0,1,0,0
C00103,1,1,1,1,1,1
C00104,1,1,0,1,1,1
C00105,1,1,1,1,1,0
C00106,1,1,1,1,0,1
C00107,1,1,1,1,1,1
C00108,1,1,0,1,1,0
C00109,1,1,1,0,0,0
C00110,1,0,1,0,1,0
C00111,1,0,0,0,0,1
C00112,1,0,0,1,0,1
C00113,1,1,1,1,0,1
C00114,1,1,1,0,1,1
C00115,1,1,1,0,1,0
C00116,1,1,1,0,1,0
C00117,1,0,1,0,0,1
C00118,1,1,1,1,1,0
C00119,1,1,0,1,0,1
C00120,1,0,1,0,0,0
C00121,1,1,1,1,0,1
C00122,1,1,0,1,1,1
C00123,0,0,1,0,0,0
C00124,1,0,1,0,1,1
C00125,0,1,0,1,0,1
C00126,1,0,1,0,0,1
C00127,1,1,1,0,1,0
C00128,1,0,0,0,1,1
C00129,1,1,1,0,1,1
C00130,1,0,1,1,0,1
C00131,1,1,1,0,1,0
C00132,1,1,0,0,1,0
C00133,1,1,1,1,1,1
C00134,1,0,1,0,0,0
C00135,0,1,1,0,0,1
C00136,1,1,1,0,1,1
C00137,1,1,1,0,0,1
C00138,1,1,1,0,1,0
C00139,1,0,0,1,0,1
C00140,0,1,1,1,1,1
C00141,1,1,0,0,0,1
C00142,1,1,0,0,1,1
C00143,1,1,1,0,0,0
C00144,1,1,1,1,0,0
C00145,1,0,0,1,0,1
C00146,1,1,1,1,1,1
C00147,1,0,1,0,1,1
C00148,0,1,1,1,1,1
C00149,1,1,1,1,1,1
C00150,1,1,0,1,1,1
C00151,0,1,0,0,1,1
C00152,1,1,1,0,0,0
C00153,1,1,0,1,0,1
C00154,1,1,1,0,0,0
C00155,0,1,1,0,0,1
C00156,1,1,1,0,0,1
C00157,1,0,0,0,1,0
C00158,0,1,0,1,0,0
C00159,0,1,1,0,0,1
C00160,1,1,1,0,0,0
C00161,0,1,0,0,1,0
C00162,1,0,1,0,0,0
C00163,1,1,0,1,1,0
C00164,1,1,1,1,1,1
C00165,0,1,1,1,1,0
C00166,1,1,1,1,0,1
C00167,1,1,1,0,0,1
C00168,1,1,1,0,1,1
C00169,1,1,1,1,0,0
C00170,1,1,0,0,0,1
C00171,1,1,1,0,0,0
C00172,1,1,1,1,0,1
C00173,1,1,1,0,1,0
C00174,1,1,0,1,1,1
C00175,1,1,0,1,1,0
C00176,1,1,1,1,0,1
C00177,1,1,1,0,1,1
C00178,1,1,1,1,0,0
C00179,1,1,1,0,1,0
C00180,0,0,1,1,0,1
C00181,0,1,0,1,1,0
C00182,1,1,1,0,0,1
C00183,1,1,1,0,1,0
C00184,1,1,1,0,1,0
C00185,1,1,1,0,1,0
C00186,1,1,1,1,1,0
C00187,0,1,0,1,0,1
C00188,1,1,1,0,1,0
C00189,1,1,1,1,1,1
C00190,1,1,1,0,0,1
C00191,1,1,1,1,0,1
C00192,1,1,1,1,1,1
C00193,1,1,1,1,0,0
C00194,1,1,0,1,0,0
C00195,1,0,1,1,1,1
C00196,0,1,1,0,1,0
C00197,1,1,1,1,1,1
C00198,1,1,1,1,0,0
C00199,1,0,0,1,0,0
C00200,1,1,0,0,1,1
C00201,1,1,1,1,1,1
C00202,1,1,0,0,0,0
C00203,1,0,1,0,1,1
C00204,1,1,1,1,0,1
C00205,1,1,0,0,1,0
C00206,1,1,1,0,0,0
C00207,1,1,0,1,1,0
C00208,1,1,1,0,0,1
C00209,1,1,0,0,0,1
C00210,1,1,0,1,0,1
C00211,1,1,1,0,1,0
C00212,1,1,0,1,1,1
C00213,1,1,0,0,0,0
C00214,1,1,0,0,1,0
C00215,1,1,1,1,0,0
C00216,1,0,1,0,0,1
C00217,1,1,1,1,1,1
C00218,1,1,1,1,0,0
C00219,1,1,0,0,1,0
C00220,1,1,1,1,1,1
C00221,1,0,1,0,1,0
C00222,0,1,1,1,1,0
C00223,1,1,0,0,1,1
C00224,1,1,1,0,0,1
C00225,0,1,1,0,1,1
C00226,1,1,1,0,0,0
C00227,1,1,1,1,1,0
C00228,1,1,0,1,0,0
C00229,1,1,1,0,0,0
C00230,1,1,0,1,1,1
C00231,1,1,0,1,1,0
C00232,1,1,1,0,0,0
C00233,1,1,1,0,0,0
C00234,1,0,0,0,0,0
C00235,1,1,1,1,1,1
C00236,1,1,1,1,0,0
C00237,0,1,1,0,0,1
C00238,1,1,0,1,0,1
C00239,1,1,1,1,1,0
C00240,1,1,1,1,1,1
C00241,1,1,1,0,0,1
C00242,1,1,1,0,0,1
C00243,1,0,0,0,0,1
C00244,1,1,0,0,1,1
C00245,1,1,1,1,0,1
C00246,1,1,1,1,1,0
C00247,1,0,1,0,0,0
C00248,0,0,1,1,1,0
C00249,0,1,0,0,1,0
C00250,1,1,1,1,1,0
C00251,1,0,1,0,0,1
C00252,1,1,0,0,0,1
C00253,1,1,1,0,1,0
C00254,1,1,1,1,0,0
C00255,1,1,1,1,0,0
C00256,1,1,0,0,1,0
C00257,1,1,1,1,1,1
C00258,1,1,0,1,0,1
C00259,0,1,1,1,0,1
C00260,1,1,1,1,1,0
C00261,1,1,0,0,1,0
C00262,1,1,1,0,1,1
C00263,1,0,1,0,1,0
C00264,1,1,0,0,1,1
C00265,1,1,1,0,1,0
C00266,1,0,1,1,0,0
C00267,1,0,0,1,0,1
C00268,1,0,1,1,1,1
C00269,1,0,0,0,0,0
C00270,1,1,1,0,0,0
C00271,1,1,1,1,1,0
C00272,1,1,1,0,1,1
C00273,0,1,1,0,0,0
C00274,1,1,1,1,1,1
C00275,1,1,1,0,0,1
C00276,1,1,1,0,0,0
C00277,1,1,0,1,1,1
C00278,1,1,1,1,1,1
C00279,1,1,1,1,0,1
C00280,1,1,0,1,1,1
C00281,0,1,1,0,0,1
C00282,1,0,0,1,0,1
C00283,1,1,0,0,1,0
C00284,1,1,1,0,0,1
C00285,1,0,0,0,0,0
C00286,0,1,0,0,1,1
C00287,1,1,0,0,1,1
C00288,1,1,0,0,1,1
C00289,1,1,1,0,0,1
C00290,1,1,1,0,1,0
C00291,1,0,0,1,0,1
C00292,1,1,1,1,0,1
C00293,1,1,1,0,0,1
C00294,1,1,1,0,0,1
C00295,0,1,1,1,1,0
C00296,1,1,1,1,1,1
C00297,1,0,1,1,1,0
C00298,1,1,0,0,1,1
C00299,1,1,1,0,0,1
C00300,1,1,1,1,0,1
C00301,1,1,0,0,1,1
C00302,1,1,1,1,1,0
C00303,1,1,1,1,0,0
C00304,1,0,1,1,0,1
C00305,1,0,0,1,1,1
C00306,1,1,1,0,0,1
C00307,0,1,1,0,0,0
C00308,1,1,1,1,1,0
C00309,1,0,1,1,0,0
C00310,1,0,1,0,1,1
C00311,1,1,0,0,1,1
C00312,0,1,1,1,0,1
C00313,1,1,1,1,0,1
C00314,1,0,0,1,0,0
C00315,1,1,1,1,0,0
C00316,1,1,1,1,1,1
C00317,1,0,1,0,0,0
C00318,1,0,1,0,1,1
C00319,0,1,1,0,1,1
C00320,1,1,1,0,1,0
C00321,1,1,1,1,0,0
C00322,1,1,1,0,0,0
C00323,0,1,0,0,1,0
C00324,1,1,0,1,1,1
C00325,1,1,1,0,0,1
C00326,1,1,1,0,1,1
C00327,1,1,0,0,1,0
C00328,1,1,0,0,1,0
C00329,1,1,0,1,0,1
C00330,1,1,0,1,1,1
C00331,1,1,1,0,0,0
C00332,1,1,1,0,0,0
C00333,0,1,0,0,0,0
C00334,1,0,1,1,0,1
C00335,1,1,1,1,0,0
C00336,1,1,1,0,1,0
C00337,1,1,1,0,0,1
C00338,1,1,0,0,1,1
C00339,1,1,1,1,0,1
C00340,1,1,1,0,1,1
C00341,1,0,1,1,0,0
C00342,1,1,1,0,1,1
C00343,1,1,1,1,1,0
C00344,1,1,0,1,1,1
C00345,0,1,1,0,0,0
C00346,1,1,1,1,1,0
C00347,0,1,0,1,1,1
C00348,1,0,1,1,0,1
C00349,1,1,0,0,1,1
C00350,1,1,1,1,0,1
C00351,1,0,0,0,0,0
C00352,1,1,1,0,0,0
C00353,1,0,1,1,0,1
C00354,1,1,0,1,1,1
C00355,1,1,1,0,0,1
C00356,1,1,1,1,0,1
C00357,1,1,1,0,0,0
C00358,0,1,0,0,1,1
C00359,1,1,1,1,1,0
C00360,1,1,1,0,1,0
C00361,1,0,1,1,1,1
C00362,1,1,1,0,0,0
C00363,1,1,1,0,1,1
C00364,1,1,1,0,0,1
C00365,1,0,1,0,1,1
C00366,1,1,1,1,0,1
C00367,1,1,0,0,0,1
C00368,1,1,1,0,0,1
C00369,1,1,1,0,0,1
C00370,0,1,0,1,1,0
C00371,1,1,1,0,0,1
C00372,1,1,1,1,0,0
C00373,1,0,1,0,0,0
C00374,1,1,1,1,1,0
C00375,1,1,1,0,0,1
C00376,0,1,1,0,0,1
C00377,1,1,1,1,1,1
C00378,1,1,0,1,0,0
C00379,1,1,0,0,1,0
C00380,1,1,1,0,0,1
C00381,1,1,0,0,0,1
C00382,1,1,1,1,1,1
C00383,1,0,0,1,0,1
C00384,1,1,1,1,0,0
C00385,1,0,1,1,0,1
C00386,1,1,0,1,0,1
C00387,1,0,0,1,1,1
C00388,1,1,1,0,0,1
C00389,1,1,0,0,1,1
C00390,1,1,1,0,0,0
C00391,1,1,0,0,1,1
C00392,0,1,0,0,1,1
C00393,1,1,1,0,0,0
C00394,1,1,1,0,1,1
C00395,1,0,0,1,1,1
C00396,1,1,0,0,1,0
C00397,0,0,1,0,0,1
C00398,1,1,0,0,1,0
C00399,1,0,0,1,1,1
C00400,1,1,1,0,1,0
C00401,1,1,0,1,0,1
C00402,1,1,1,0,0,1
C00403,0,0,1,1,1,1
C00404,1,1,1,1,0,0
C00405,1,1,0,0,1,0
C00406,1,0,0,0,1,1
C00407,1,1,0,0,0,0
C00408,1,1,1,1,1,1
C00409,0,1,0,1,0,0
C00410,1,1,0,1,1,0
C00411,1,1,1,1,0,0
C00412,1,1,1,0,0,0
C00413,0,1,1,1,1,1
C00414,1,1,0,1,0,0
C00415,1,1,0,0,1,1
C00416,1,1,0,0,0,1
C00417,1,1,1,0,1,1
C00418,0,1,0,0,1,0
C00419,1,1,1,1,1,0
C00420,1,0,1,1,0,1
C00421,1,1,1,0,1,0
C00422,1,1,1,0,1,0
C00423,1,1,1,0,0,1
C00424,1,1,0,0,0,0
C00425,0,1,0,1,0,1
C00426,1,1,1,0,0,0
C00427,1,0,1,0,0,1
C00428,1,0,0,0,0,1
C00429,1,1,0,0,1,1
C00430,0,1,0,1,1,1
C00431,0,1,0,0,0,0
C00432,1,1,1,0,0,0
C00433,1,0,1,1,1,1
C00434,1,0,1,1,1,0
C00435,1,1,0,0,0,1
C00436,1,1,0,1,0,1
C00437,1,1,1,1,1,0
C00438,1,0,0,0,0,1
C00439,1,1,1,0,1,0
C00440,1,0,1,0,1,1
C00441,0,1,1,0,1,0
C00442,1,0,1,0,0,0
C00443,1,1,0,0,0,0
C00444,1,1,0,0,0,0
C00445,1,1,1,1,0,0
C00446,1,1,1,0,0,0
C00447,0,1,0,1,1,0
C00448,1,1,0,0,1,1
C00449,1,1,1,0,1,0
C00450,1,1,1,1,1,1
C00451,1,1,1,0,1,1
C00452,0,1,1,1,0,0
C00453,1,1,1,0,1,1
C00454,0,1,1,1,1,0
C00455,1,1,1,0,0,0
C00456,1,1,0,0,0,1
C00457,1,1,1,1,1,1
C00458,1,1,1,1,0,0
C00459,1,1,1,0,1,1
C00460,1,1,1,0,1,1
C00461,1,1,1,0,0,1
C00462,1,1,0,1,0,1
C00463,1,1,1,0,1,0
C00464,1,1,0,1,1,1
C00465,1,1,1,1,0,1
C00466,1,0,1,1,1,0
C00467,1,1,1,1,0,1
C00468,1,1,1,0,1,0
C00469,1,1,1,1,0,1
C00470,1,1,1,0,1,0
C00471,0,0,1,1,0,1
C00472,1,0,1,1,0,1
C00473,1,1,0,0,1,1
C00474,1,1,1,1,0,0
C00475,1,0,1,0,1,0
C00476,0,1,0,0,0,1
C00477,1,1,1,1,0,0
C00478,1,1,1,1,1,0
C00479,1,1,1,0,0,0
C00480,0,1,1,0,0,1
C00481,1,1,0,1,0,1
C00482,1,1,1,1,1,1
C00483,1,1,1,0,1,1
C00484,1,1,1,0,1,1
C00485,1,0,0,1,1,1
C00486,1,0,0,1,0,1
C00487,1,0,1,1,0,1
C00488,1,1,1,1,0,1
C00489,1,1,1,1,0,1
C00490,1,1,1,0,0,1
C00491,0,1,1,0,1,1
C00492,1,1,1,1,1,0
C00493,1,1,1,1,0,1
C00494,1,1,0,0,0,1
C00495,1,0,0,0,0,1
C00496,0,1,1,0,0,1
C00497,1,1,1,0,0,0
C00498,1,1,1,1,1,0
C00499,1,1,1,1,0,0
C00500,1,1,1,1,1,1
C00501,1,1,1,0,1,1
C00502,1,1,1,0,0,0
C00503,1,1,0,0,0,0
C00504,1,1,1,1,0,1
C00505,1,1,0,1,0,1
C00506,1,0,0,0,0,1
C00507,0,1,0,1,0,0
C00508,1,1,1,0,0,1
C00509,1,1,1,1,1,0
C00510,1,1,0,1,1,0
C00511,1,1,1,1,0,1
C00512,0,1,1,0,0,1
C00513,0,1,1,0,0,0
C00514,1,1,1,0,0,1
C00515,1,1,1,1,0,0
C00516,0,0,0,0,1,1
C00517,1,1,1,0,0,1
C00518,1,1,1,1,1,0
C00519,1,1,1,1,0,0
C00520,1,0,1,1,0,0
C00521,1,1,1,1,1,1
C00522,1,0,0,0,1,0
C00523,1,0,1,1,0,0
C00524,1,1,1,0,0,1
C00525,1,0,1,0,0,1
C00526,1,1,1,1,1,1
C00527,1,1,1,0,1,1
C00528,1,1,0,1,0,0
C00529,0,1,0,0,1,0
C00530,1,1,1,1,0,1
C00531,1,1,1,0,0,1
C00532,1,1,1,0,1,0
C00533,1,1,0,1,1,1
C00534,1,0,0,0,1,1
C00535,1,1,1,0,1,0
C00536,1,1,0,1,0,0
C00537,1,1,0,1,0,1
C00538,1,0,0,1,0,1
C00539,1,1,0,1,0,0
C00540,1,1,0,1,1,1
C00541,1,1,1,1,0,1
C00542,1,1,1,1,0,0
C00543,0,1,1,1,1,1
C00544,1,1,1,1,0,0
C00545,0,1,1,0,1,0
C00546,1,1,1,1,1,1
C00547,0,0,1,1,0,1
C00548,0,1,1,0,0,1
C00549,1,1,1,0,1,1
C00550,0,1,0,0,1,1
C00551,1,1,0,1,0,1
C00552,0,1,1,0,0,1
C00553,1,1,1,1,0,1
C00554,1,1,1,1,0,1
C00555,1,1,1,0,1,1
C00556,1,1,0,0,1,0
C00557,1,1,1,0,1,1
C00558,1,0,1,1,0,0
C00559,1,0,0,1,1,1
C00560,0,1,1,1,1,1
C00561,0,1,0,0,1,1
C00562,1,0,1,0,0,1
C00563,1,1,1,0,1,1
C00564,0,1,1,1,0,1
C00565,0,1,0,1,1,1
C00566,1,1,1,1,0,1
C00567,1,1,0,0,1,1
C00568,1,1,0,1,1,0
C00569,1,1,1,1,1,1
C00570,1,1,1,1,1,0
C00571,1,1,0,0,1,1
C00572,0,0,0,0,1,1
C00573,1,1,1,1,1,1
C00574,1,0,1,1,0,1
C00575,1,1,1,1,0,0
C00576,1,0,0,1,1,1
C00577,1,0,1,1,0,0
C00578,0,1,1,1,0,0
C00579,1,1,1,1,0,0
C00580,1,1,1,0,0,0
C00581,0,1,1,0,0,1
C00582,1,0,1,0,0,1
C00583,1,1,1,0,0,0
C00584,1,1,1,1,1,1
C00585,1,1,0,0,1,1
C00586,1,1,1,0,0,1
C00587,1,1,1,0,1,1
C00588,1,1,1,0,1,0
C00589,1,1,1,0,1,0
C00590,1,1,1,0,0,0
C00591,1,1,1,0,0,1
C00592,0,1,0,0,1,1
C00593,1,1,1,1,0,1
C00594,1,0,1,1,1,1
C00595,1,1,0,1,0,1
C00596,1,1,0,1,1,0
C00597,1,0,1,1,0,0
C00598,1,1,0,0,0,1
C00599,1,1,1,1,1,1
C00600,1,1,1,0,0,0
C00601,1,1,0,1,1,0
C00602,0,1,1,1,1,0
C00603,1,1,1,1,1,1
C00604,1,1,0,1,1,1
C00605,1,1,1,1,0,1
C00606,1,1,1,0,1,0
C00607,1,1,0,1,0,1
C00608,1,1,1,1,1,0
C00609,1,0,0,1,0,1
C00610,0,1,1,0,0,0
C00611,1,1,1,1,0,0
C00612,1,1,1,0,0,1
C00613,1,1,0,1,0,1
C00614,1,1,1,0,0,0
C00615,1,1,1,0,0,1
C00616,1,1,0,1,1,0
C00617,1,1,1,0,0,1
C00618,1,0,1,0,1,1
C00619,1,1,1,0,1,0
C00620,1,1,1,1,0,1
C00621,1,0,1,0,1,0
C00622,1,1,0,1,0,1
C00623,1,1,1,0,1,1
C00624,1,1,1,1,0,0
C00625,0,1,0,1,1,1
C00626,0,1,1,1,1,0
C00627,1,1,1,0,1,0
C00628,1,1,1,0,1,0
C00629,1,1,1,0,1,1
C00630,1,1,1,0,0,0
C00631,0,1,0,1,1,0
C00632,0,1,0,0,0,0
C00634,1,1,1,0,0,1
C00635,1,1,1,1,0,1
C00636,0,1,1,1,0,0
C00637,1,1,1,0,0,0
C00638,0,1,0,1,0,1
C00639,1,0,0,1,1,1
C00640,1,1,1,0,0,0
C00641,1,1,1,0,0,1
C00642,1,0,0,1,0,0
C00643,1,1,1,0,0,1
C00644,0,1,1,0,1,0
C00645,1,1,1,1,0,1
C00646,1,1,0,1,0,0
C00647,1,1,1,0,0,1
C00648,1,1,1,0,1,1
C00649,1,1,0,1,0,1
C00650,1,0,0,1,0,1
C00651,1,1,1,1,1,1
C00652,1,0,0,1,0,1
C00653,1,1,0,0,1,1
C00654,0,1,1,1,0,0
C00655,0,1,1,0,1,1
C00656,0,1,1,1,1,1
C00657,1,1,1,1,1,1
C00658,1,1,0,0,0,1
C00659,0,1,0,0,0,1
C00660,0,1,0,1,0,1
C00661,1,1,0,0,0,1
C00662,1,1,1,1,0,1
C00663,1,1,1,1,1,1
C00664,0,1,0,1,0,1
C00665,0,1,1,0,0,1
C00666,1,1,1,0,1,1
C00667,1,1,1,1,0,1
C00668,0,1,1,1,1,1
C00670,1,1,1,0,0,1
C00671,1,0,1,1,0,0
C00672,1,1,1,1,0,0
C00673,1,1,1,0,1,0
C00674,1,1,0,0,1,0
C00675,0,1,0,1,0,0
C00676,0,0,1,1,0,1
C00677,1,1,0,1,0,1
C00678,1,1,1,1,1,1
C00679,0,1,0,1,1,1
C00680,1,1,1,0,1,0
C00681,1,1,0,1,0,0
C00682,1,1,1,0,0,1
C00683,1,0,1,1,1,1
C00684,0,1,1,0,0,0
C00685,1,1,1,1,1,0
C00686,1,1,0,1,0,1
C00687,1,0,1,1,0,1
C00688,1,0,1,1,1,1
C00689,1,1,0,1,0,1
C00690,1,1,1,1,0,1
C00691,1,1,1,1,1,0
C00692,1,0,1,1,1,1
C00693,1,1,1,1,1,0
C00694,1,1,1,0,0,1
C00695,1,1,1,0,1,0
C00696,1,1,1,1,0,1
C00697,1,1,0,0,1,1
C00698,1,1,1,0,0,1
C00699,1,1,1,1,1,1
C00700,1,1,1,0,1,1
C00701,1,1,0,0,1,1
C00702,1,1,1,0,1,0
C00703,1,1,1,1,0,0
C00704,1,1,1,1,0,0
C00705,1,1,1,0,0,1
C00706,1,1,0,0,1,1
C00707,1,1,0,1,1,1
C00708,1,1,1,1,0,0
C00709,0,1,1,1,1,1
C00710,1,1,0,1,1,1
C00711,1,1,0,0,0,0
C00712,1,1,0,0,0,0
C00713,1,1,1,0,1,1
C00714,1,1,1,0,0,0
C00715,1,1,0,0,1,1
C00716,0,1,1,0,0,0
C00717,1,1,1,0,0,1
C00718,1,0,1,0,1,0
C00719,1,1,0,0,1,1
C00720,1,1,0,1,1,1
C00721,1,0,1,0,0,0
C00722,1,1,1,0,1,0
C00723,1,1,0,0,0,1
C00724,1,1,1,1,0,0
C00725,1,0,0,0,1,1
C00726,1,1,1,0,1,0
C00727,1,1,1,1,1,0
C00728,1,1,1,0,0,1
C00729,1,1,1,0,0,0
C00730,0,0,0,1,1,1
C00731,1,0,1,0,0,1
C00732,1,1,1,1,0,1
C00733,0,0,0,0,0,1
C00734,1,1,0,0,0,1
C00735,1,1,0,0,0,1
C00736,1,1,1,0,0,0
C00737,1,1,0,0,1,1
C00738,1,0,1,0,1,1
C00739,1,0,1,0,0,0
C00740,1,1,0,0,0,1
C00741,1,0,1,1,0,1
C00742,1,1,1,0,0,1
C00743,1,1,1,1,0,1
C00744,1,1,0,1,0,1
C00745,1,1,1,0,1,1
C00746,1,1,1,1,1,1
C00747,0,1,1,0,1,1
C00748,0,1,1,1,0,0
C00749,1,1,1,0,0,1
C00750,1,0,1,1,0,0
C00751,1,0,0,1,0,0
C00752,1,1,1,0,1,0
C00753,1,1,0,1,1,0
C00754,1,0,1,1,0,1
C00755,0,1,1,1,0,1
C00756,1,1,0,1,1,1
C00757,1,1,1,0,1,0
C00758,1,1,0,0,1,0
C00759,1,1,1,1,1,0
C00760,1,1,1,1,0,0
C00761,1,1,1,0,1,1
C00762,1,1,1,0,0,0
C00763,1,1,1,1,0,1
C00764,0,1,1,0,0,1
C00765,1,1,0,1,1,1
C00766,1,0,1,0,1,0
C00767,1,1,1,1,0,0
C00768,1,1,0,1,1,0
C00769,0,0,1,0,0,0
C00770,1,1,0,1,0,0
C00771,1,1,1,1,1,1
C00772,1,0,1,1,1,0
C00773,1,1,1,0,0,1
C00774,1,1,1,1,1,0
C00775,0,1,1,0,0,0
C00776,1,1,1,1,1,0
C00777,1,1,0,1,1,0
C00778,1,0,0,1,0,1
C00779,1,1,0,1,0,1
C00780,1,1,1,0,0,1
C00781,1,1,1,1,1,0
C00782,1,1,1,1,1,0
C00783,1,1,1,0,0,1
C00784,1,0,0,1,0,1
C00785,1,1,0,1,0,0
C00786,1,1,1,0,1,1
C00787,1,1,0,1,0,1
C00788,1,0,0,0,1,1
C00789,0,0,1,0,0,1
C00790,0,1,0,1,1,0
C00791,1,0,0,0,1,1
C00792,1,1,1,1,0,0
C00793,0,0,0,0,0,1
C00794,0,0,1,1,1,1
C00795,1,1,1,1,0,0
C00796,1,1,0,1,0,0
C00797,1,1,1,0,1,1
C00798,1,1,0,0,1,0
C00799,1,1,1,0,0,0
C00800,1,1,1,0,0,0
C00801,1,1,1,1,0,1
C00802,1,1,0,1,1,0
C00803,0,1,1,1,0,0
C00804,1,1,1,0,1,0
C00805,1,1,0,1,0,1
C00806,1,1,0,0,1,0
C00807,1,1,0,1,1,1
C00808,1,1,1,0,0,1
C00809,0,1,1,0,0,1
C00810,1,1,1,1,0,0
C00811,0,1,1,0,1,0
C00812,1,1,1,0,0,1
C00813,1,1,0,0,1,0
C00814,0,1,0,0,1,1
C00815,0,1,0,0,1,0
C00816,1,1,1,1,1,1
C00818,0,0,0,1,1,1
C00819,0,1,1,1,1,1
C00820,1,1,0,1,0,0
C00821,1,1,1,1,1,1
C00822,0,1,0,0,1,0
C00823,1,1,1,1,0,0
C00824,1,1,1,0,1,0
C00825,1,1,1,0,0,1
C00826,1,1,0,0,0,1
C00827,1,0,1,1,1,1
C00828,1,0,1,1,0,0
C00829,1,0,1,1,0,1
C00830,1,0,0,1,0,1
C00831,1,1,1,0,1,0
C00832,1,1,1,1,0,0
C00833,0,1,1,0,0,1
C00834,0,1,1,1,1,1
C00835,1,1,0,1,0,1
C00836,1,1,1,0,0,0
C00837,1,1,0,0,1,0
C00838,1,1,1,0,0,1
C00839,1,1,0,0,0,1
C00840,0,1,0,1,1,1
C00841,0,1,1,0,0,1
C00842,0,1,1,1,1,0
C00843,1,0,1,1,0,1
C00844,1,1,0,0,0,0
C00845,0,1,1,0,1,0
C00846,0,0,0,1,0,1
C00847,1,1,0,0,1,1
C00848,1,1,1,1,0,0
C00849,1,1,0,1,0,1
C00850,1,1,0,0,0,1
C00851,1,0,1,1,1,0
C00852,1,1,1,1,0,1
C00853,0,1,1,1,0,1
C00854,1,1,1,1,0,1
C00855,1,1,1,0,1,0
C00856,0,1,1,1,0,1
C00857,0,0,1,1,1,1
C00858,0,1,0,1,0,1
C00859,1,1,1,0,1,1
C00860,1,1,1,1,0,1
C00861,1,1,1,1,1,1
C00862,1,1,1,0,1,0
C00863,1,0,1,0,1,1
C00864,1,1,1,1,0,0
C00865,1,0,1,1,1,1
C00866,0,1,1,1,0,1
C00867,1,1,1,0,1,1
C00868,1,0,0,0,0,1
C00869,1,1,1,0,0,1
C00870,0,1,1,1,1,0
C00871,0,1,1,0,1,0
C00872,1,0,1,1,0,0
C00873,1,1,0,1,0,0
C00874,1,1,0,0,0,1
C00875,1,1,1,1,1,0
C00876,1,1,0,1,1,1
C00878,1,0,0,1,0,1
C00879,1,1,1,0,0,1
C00880,1,0,1,1,1,0
C00881,1,1,0,1,1,1
C00882,1,1,1,1,0,0
C00883,1,1,1,1,0,1
C00884,1,1,0,0,1,0
C00885,1,1,1,1,0,1
C00886,1,1,1,1,0,1
C00887,1,1,0,0,0,0
C00888,1,1,0,1,1,0
C00889,1,1,1,0,1,1
C00890,1,1,0,0,1,1
C00891,0,1,0,1,0,0
C00892,1,1,1,0,0,0
C00893,0,0,1,0,0,0
C00894,1,1,0,1,0,1
C00895,1,1,0,1,0,1
C00896,1,1,1,0,1,1
C00897,1,1,0,1,0,1
C00898,1,1,1,0,0,0
C00899,1,1,1,0,0,1
C00900,1,1,0,1,1,1
C00901,1,0,1,0,1,0
C00902,1,1,0,0,1,1
C00903,1,1,0,1,0,1
C00904,1,0,1,1,0,1
C00905,1,1,0,1,0,1
C00906,1,1,1,0,0,1
C00907,1,1,1,0,0,1
C00908,1,1,1,0,0,0
C00909,1,1,0,0,1,0
C00910,1,1,1,1,0,1
C00911,0,1,1,0,1,1
C00912,1,1,1,1,1,1
C00913,1,1,1,1,0,1
C00914,1,1,1,0,0,0
C00915,1,1,1,1,1,1
C00916,1,1,0,1,0,1
C00917,1,0,1,0,0,1
C00919,1,1,1,1,0,0
C00920,1,0,0,1,0,0
C00921,1,1,0,0,0,0
C00922,1,1,1,1,0,0
C00923,1,0,1,1,0,0
C00924,1,1,0,1,0,0
C00925,1,0,1,0,0,1
C00926,1,1,1,0,1,1
C00927,1,1,1,1,0,0
C00928,1,0,1,1,1,0
C00929,1,1,1,1,1,1
C00930,1,1,1,1,0,1
C00931,0,1,1,1,1,0
C00932,1,0,1,0,0,1
C00933,1,1,1,1,0,0
C00934,0,1,1,0,1,1
C00935,1,1,1,1,0,1
C00936,0,1,1,0,1,1
C00937,1,1,0,1,0,0
C00938,1,1,0,1,0,1
C00939,0,1,1,1,0,0
C00940,0,1,1,1,1,0
C00941,0,1,1,0,0,1
C00942,0,1,0,1,0,1
C00943,0,1,1,1,1,1
C00944,1,1,1,1,0,0
C00945,1,1,1,1,1,1
C00946,1,0,0,0,1,1
C00947,1,0,0,1,1,0
C00948,1,1,0,1,1,0
C00949,1,0,1,1,1,1
C00950,1,1,1,0,1,1
C00951,1,1,0,1,1,1
C00952,1,1,1,0,0,1
C00953,1,1,1,1,0,1
C00954,1,1,1,0,0,1
C00955,1,0,0,1,1,1
C00956,1,1,1,0,0,0
C00957,1,0,1,1,1,1
C00958,1,1,0,0,1,1
C00959,0,1,1,1,1,1
C00960,0,1,0,1,1,1
C00961,1,1,0,0,1,0
C00962,1,1,1,1,1,0
C00963,0,1,0,1,1,0
C00964,0,1,0,1,1,1
C00965,1,1,0,0,1,0
C00966,1,1,1,1,1,0
C00967,1,1,0,1,0,0
C00968,1,1,1,0,0,1
C00969,1,0,1,0,0,1
C00970,1,1,1,0,1,0
C00971,1,0,1,1,0,0
C00972,1,0,0,1,0,1
C00973,1,1,0,0,1,1
C00974,1,1,1,0,1,0
C00975,1,1,1,0,0,1
C00976,1,1,1,1,1,1
C00977,1,1,0,1,1,1
C00978,1,1,1,1,1,1
C00979,1,1,0,1,0,0
C00980,1,0,1,1,0,0
C00981,1,1,1,0,1,1
C00982,0,1,1,0,1,1
C00983,1,1,1,1,1,1
C00984,1,0,1,0,1,1
C00985,1,1,1,1,0,0
C00986,1,1,1,0,0,0
C00987,1,0,1,0,0,0
C00988,1,1,0,1,1,0
C00989,1,0,1,1,1,1
C00990,1,1,0,0,0,1
C00991,1,0,1,1,0,1
C00992,1,0,0,1,0,1
C00993,1,1,1,1,0,0
C00994,0,1,1,1,0,0
C00995,1,0,1,1,0,1
C00996,0,1,1,1,0,1
C00997,1,1,1,0,0,0
C00998,1,1,1,1,1,1
C00999,1,1,1,1,1,1
C01000,1,0,1,0,1,1
C01001,1,0,1,0,0,0
C01002,1,0,0,0,1,1
C01003,0,1,1,1,1,1
C01004,1,1,0,1,1,1
C01005,1,1,1,0,0,1
C01006,1,0,1,1,0,1
C01007,1,1,1,1,1,0
C01008,1,1,1,0,1,0
C01009,1,0,1,0,1,1
C01010,1,1,1,1,1,1
C01011,0,1,0,1,1,1
C01012,1,1,1,0,0,1
C01013,1,1,1,1,0,0
C01014,1,1,0,0,0,0
C01015,1,1,0,1,0,0
C01016,1,1,1,1,1,1
C01017,1,1,0,0,0,0
C01018,1,1,1,0,0,0
C01019,1,0,0,0,1,1
C01020,1,1,1,0,0,0
C01021,1,1,1,1,0,0
C01022,1,1,1,0,0,1
C01023,0,1,1,0,1,0
C01024,1,1,1,0,0,0
C01025,1,1,1,1,1,0
C01026,1,1,1,0,0,0
C01027,1,1,1,1,0,1
C01028,1,1,0,1,0,0
C01029,1,1,1,0,0,1
C01030,1,0,1,0,0,0
C01031,1,1,1,1,1,1
C01032,1,1,0,1,0,1
C01033,1,1,0,1,1,0
C01034,1,1,1,1,0,1
C01035,0,1,0,0,1,1
C01036,1,1,0,0,0,1
C01037,1,1,1,1,0,1
C01038,0,0,0,1,0,0
C01039,0,1,1,1,1,0
C01040,0,0,0,1,1,1
C01041,1,1,0,1,0,0
C01042,1,1,1,0,1,0
C01043,0,1,0,1,1,1
C01044,1,1,1,1,1,0
C01045,1,0,1,1,1,1
C01046,1,1,1,1,0,1
C01047,1,1,1,1,0,0
C01048,0,1,1,0,1,0
C01049,1,1,1,0,0,1
C01050,1,1,1,1,0,1
C01051,1,1,0,1,0,1
C01052,0,1,0,1,1,0
C01053,1,0,0,1,0,0
C01054,1,1,1,1,0,1
C01055,1,0,1,0,1,1
C01056,1,1,1,0,0,1
C01057,1,0,1,1,0,0
C01058,1,0,0,0,1,1
C01059,1,1,0,1,1,1
C01060,1,1,0,0,1,1
C01061,1,1,1,0,0,1
C01062,1,1,0,1,1,1
C01063,1,1,1,0,0,1
C01064,1,1,1,0,0,1
C01065,1,1,1,0,0,1
C01066,1,0,1,0,0,1
C01067,1,1,1,1,1,1
C01068,1,1,1,0,1,0
C01069,1,1,1,0,1,0
C01070,1,1,0,0,0,1
C01071,1,1,1,1,1,0
C01072,0,1,0,1,1,0
C01073,1,0,1,1,0,1
C01074,1,0,1,0,1,1
C01075,0,1,0,1,0,0
C01076,0,1,0,1,1,1
C01077,1,1,0,1,0,1
C01078,0,1,0,1,1,1
C01079,1,1,1,0,0,0
C01080,1,0,0,1,1,0
C01081,0,1,1,1,0,0
C01082,1,1,0,1,0,1
C01083,1,1,1,1,1,1
C01084,1,1,1,0,0,0
C01085,1,1,1,0,1,0
C01086,1,1,1,1,0,1
C01087,0,0,1,0,0,0
C01088,1,1,0,0,0,1
C01089,1,1,0,1,0,0
C01090,1,1,0,0,1,1
C01091,1,1,1,1,1,0
C01092,1,1,1,0,0,1
C01093,1,1,1,1,0,1
C01094,1,0,0,0,1,0
C01095,1,0,0,0,0,0
C01096,0,1,1,1,1,1
C01097,0,1,1,0,1,1
C01098,1,0,0,0,1,1
C01099,1,1,1,1,1,0
C01100,1,1,0,1,0,0
C01101,1,1,1,1,1,0
C01102,1,0,1,1,0,1
C01103,0,1,1,1,0,0
C01104,1,1,1,1,0,1
C01105,1,1,0,1,0,0
C01106,1,1,1,1,0,0
C01107,1,1,0,1,0,1
C01108,1,1,0,1,0,1
C01109,1,0,0,0,1,1
C01110,1,1,0,1,0,0
C01111,1,1,1,0,1,1
C01112,0,1,1,1,1,1
C01113,1,1,1,0,1,0
C01114,1,1,1,1,0,1
C01115,1,1,1,1,1,1
C01116,1,1,1,1,1,1
C01117,1,1,0,1,0,1
C01118,1,1,0,0,0,1
C01119,1,0,0,1,0,1
C01120,1,1,0,1,0,1
C01121,1,1,1,0,1,0
C01122,0,1,1,0,0,0
C01123,1,1,0,1,1,1
C01124,1,1,1,1,0,1
C01125,1,1,1,1,1,1
C01126,1,1,1,1,1,0
C01127,0,1,1,1,1,0
C01128,1,1,1,1,0,0
C01129,1,1,0,1,0,1
C01130,1,1,1,0,1,0
C01131,1,1,1,0,0,0
C01132,1,1,0,1,0,0
C01133,1,1,1,0,0,1
C01134,1,1,1,0,0,0
C01135,1,0,1,1,1,1
C01136,1,0,1,1,1,1
C01137,0,1,1,1,0,1
C01138,1,0,1,1,0,1
C01139,1,0,1,0,0,1
C01140,1,1,1,0,1,1
C01141,1,1,0,1,0,1
C01142,1,1,1,1,0,0
C01143,1,1,0,0,0,0
C01144,0,1,1,1,0,0
C01145,1,0,1,1,1,0
C01146,0,1,1,1,0,1
C01147,0,0,1,0,1,1
C01148,1,1,1,0,1,0
C01149,0,1,1,0,1,0
C01150,1,1,0,1,0,0
C01151,1,1,1,0,1,0
C01152,0,1,1,1,0,0
C01153,0,1,0,1,1,1
C01154,1,1,0,0,1,1
C01155,1,0,1,0,0,1
C01156,1,1,1,0,1,0
C01157,1,0,0,1,0,1
C01158,1,1,1,0,0,1
C01159,1,0,1,1,1,1
C01160,1,1,1,0,0,1
C01161,1,1,1,0,1,1
C01162,1,1,0,0,0,1
C01163,1,1,1,1,0,1
C01164,1,0,1,0,0,0
C01165,1,1,1,0,0,0
C01166,1,1,0,1,1,1
C01167,1,1,0,0,1,1
C01168,1,0,1,1,1,0
C01169,0,1,1,1,0,1
C01170,1,1,0,1,0,1
C01171,1,1,0,1,0,0
C01172,1,1,0,1,1,1
C01173,1,1,0,0,1,1
C01174,1,1,0,1,1,1
C01175,1,1,0,0,1,1
C01176,1,1,1,1,1,1
C01177,1,1,0,1,0,0
C01178,1,1,1,0,1,1
C01179,0,1,1,0,1,0
C01180,1,1,0,0,1,1
C01181,1,1,1,0,0,1
C01182,0,1,0,1,0,1
C01183,1,0,1,1,0,0
C01184,1,1,0,1,0,1
C01185,1,0,1,1,0,1
C01186,1,1,1,1,1,1
C01187,1,1,1,1,1,1
C01188,1,1,1,1,1,1
C01189,1,0,1,1,0,0
C01190,1,1,1,0,0,0
C01191,1,1,1,0,1,0
C01192,1,1,0,0,0,0
C01193,1,1,0,0,0,0
C01194,1,1,0,1,0,1
C01195,1,1,0,1,1,1
C01196,1,1,0,1,1,0
C01197,1,1,0,1,0,0
C01198,1,0,1,1,0,1
C01199,1,1,0,0,0,0
C01200,1,1,0,0,1,1
C01201,1,0,1,1,0,1
C01202,1,1,1,1,1,0
C01203,0,1,1,0,0,0
C01204,1,1,0,0,0,1
C01205,0,1,1,1,0,0
C01206,1,1,1,0,1,0
C01207,1,1,1,1,0,0
C01208,0,1,1,0,0,1
C01209,1,0,0,1,1,0
C01210,1,1,1,0,0,0
C01211,1,1,0,0,0,1
C01212,1,1,1,1,0,1
C01213,1,1,1,1,1,1
C01214,0,1,0,1,0,1
C01215,0,0,0,1,0,1
C01216,1,1,0,1,0,0
C01217,1,1,0,0,1,0
C01218,1,1,1,0,1,1
C01219,1,1,0,0,0,0
C01220,1,0,1,1,0,1
C01221,1,1,1,0,0,1
C01222,1,1,1,1,1,1
C01223,1,1,0,0,1,1
C01224,1,1,1,1,1,1
C01225,1,1,1,0,1,1
C01226,1,1,0,1,0,0
C01227,1,1,0,0,1,1
C01228,1,1,1,1,0,0
C01229,0,1,0,1,0,1
C01230,1,1,0,1,1,0
C01231,0,1,1,1,0,0
C01232,1,1,1,0,0,1
C01233,1,1,1,1,0,1
C01234,0,1,1,1,1,1
C01235,1,1,1,0,0,0
C01236,1,1,0,1,0,0
C01237,1,1,1,1,0,0
C01238,0,1,0,0,0,0
C01239,1,1,1,1,0,0
C01240,0,1,1,0,1,1
C01241,1,0,1,0,0,1
C01242,1,1,1,0,1,1
C01243,1,1,1,1,1,1
C01244,0,0,1,0,1,0
C01245,1,1,1,1,0,0
C01246,0,1,1,0,0,0
C01247,0,1,1,0,0,1
C01248,1,1,1,0,1,0
C01249,1,1,1,0,0,1
C01250,0,1,0,1,1,1
C01251,1,1,1,0,1,1
C01252,1,0,1,0,0,0
C01253,1,0,1,1,0,1
C01254,1,1,0,1,1,1
C01255,1,1,1,1,1,0
C01256,1,1,1,1,0,1
C01257,1,0,1,1,1,1
C01258,1,1,1,1,1,1
C01259,1,0,1,0,0,1
C01260,1,1,1,1,1,0
C01261,1,1,0,0,0,1
C01262,1,1,0,0,1,1
C01263,1,1,1,1,1,0
C01264,1,1,0,1,1,1
C01265,1,1,0,1,0,0
C01266,1,0,1,0,0,0
C01267,1,1,1,0,1,0
C01268,1,0,0,0,1,1
C01269,1,1,0,0,1,1
C01270,1,1,1,1,0,1
C01271,1,1,1,0,1,1
C01272,1,1,1,0,0,1
C01273,1,1,1,0,0,1
C01274,1,1,0,0,1,1
C01275,1,1,1,1,0,1
C01276,1,1,1,0,1,0
C01277,1,0,0,1,0,1
C01278,1,1,1,1,0,1
C01279,1,0,0,1,1,1
C01280,1,1,0,1,1,0
C01281,1,0,1,1,0,1
C01282,1,1,1,0,0,0
C01283,1,1,0,1,1,0
C01284,1,1,1,1,0,1
C01285,1,1,1,0,0,1
C01286,1,0,0,0,1,1
C01287,1,1,1,0,0,0
C01288,1,0,1,1,0,1
C01289,0,1,0,1,1,0
C01290,1,0,1,0,0,0
C01291,1,1,1,1,0,1
C01292,1,1,1,1,0,1
C01293,1,1,1,1,1,1
C01294,1,1,0,0,0,0
C01295,1,1,1,0,0,1
C01296,0,1,1,0,1,0
C01297,1,1,1,1,0,1
C01298,1,0,0,0,0,1
C01299,1,1,1,1,1,0
C01300,1,1,0,1,0,1
C01301,1,0,0,0,1,1
C01302,0,1,0,1,0,0
C01303,1,1,1,1,0,0
C01304,1,1,1,1,0,0
C01305,1,1,1,0,0,1
C01306,0,1,0,0,0,1
C01307,0,1,1,0,0,0
C01308,1,1,1,0,0,1
C01309,1,0,0,1,1,1
C01310,1,1,0,0,0,1
C01311,1,0,1,1,0,0
C01312,1,1,1,1,1,0
C01313,1,1,1,1,0,1
C01314,1,0,1,1,0,0
C01315,0,1,1,0,0,1
C01316,1,1,0,0,0,0
C01317,1,1,1,1,1,1
C01318,1,1,1,0,0,1
C01319,1,1,1,1,1,0
C01320,0,1,0,0,0,1
C01321,1,0,0,1,1,1
C01322,0,1,1,1,1,1
C01323,1,1,1,1,0,0
C01324,1,0,0,1,0,1
C01325,1,1,1,1,0,0
C01326,1,0,0,0,1,1
C01327,1,1,0,0,1,0
C01328,1,1,1,1,0,1
C01329,1,1,1,0,0,0
C01330,1,1,1,1,1,0
C01331,1,0,1,0,0,0
C01332,1,1,1,0,0,1
C01333,0,1,1,1,0,1
C01334,1,1,1,1,1,1
C01335,1,1,1,1,0,1
C01336,1,1,1,0,1,0
C01337,0,1,1,1,1,0
C01338,1,1,1,0,0,0
C01339,1,1,1,0,0,1
C01340,1,1,1,0,0,0
C01341,0,1,1,0,1,1
C01342,1,0,1,1,0,1
C01343,1,1,0,1,0,0
C01344,1,0,0,1,0,0
C01345,1,1,1,1,0,0
C01346,1,1,1,1,0,0
C01347,1,1,1,0,0,1
C01348,1,1,1,1,0,1
C01349,1,0,1,1,0,0
C01350,1,1,1,1,1,0
C01351,1,1,0,1,1,1
C01352,1,1,0,0,0,1
C01353,1,1,1,1,1,0
C01354,1,1,0,1,1,0
C01355,1,1,1,1,0,1
C01356,1,1,1,1,0,1
C01357,1,1,1,1,0,0
C01358,1,0,0,1,0,0
C01359,1,1,0,1,1,0
C01360,1,1,1,0,0,0
C01361,1,0,1,0,1,1
C01362,1,1,1,0,0,1
C01363,1,1,1,1,0,1
C01364,1,1,0,1,1,0
C01365,1,0,0,0,1,0
C01366,1,1,0,0,1,0
C01367,1,1,0,1,1,1
C01368,0,1,1,1,1,1
C01369,1,1,1,0,0,1
C01370,1,1,0,1,0,1
C01371,1,1,1,1,0,1
C01372,1,1,0,1,1,1
C01373,1,1,1,1,0,0
C01374,1,1,0,0,0,1
C01376,1,1,1,0,1,1
C01377,1,0,1,0,1,0
C01378,1,1,0,0,1,1
C01379,0,1,1,0,0,1
C01380,0,1,0,0,0,1
C01381,1,1,1,0,1,0
C01382,1,1,1,0,1,1
C01383,1,1,1,0,0,0
C01384,1,1,1,1,0,1
C01385,1,1,1,1,1,1
C01386,0,1,0,1,0,1
C01387,1,1,1,1,1,1
C01388,1,1,1,1,1,0
C01389,1,0,1,1,1,1
C01390,1,0,1,0,0,1
C01391,1,1,0,1,1,1
C01392,1,0,1,0,0,1
C01393,0,1,1,1,1,1
C01394,1,1,0,0,1,0
C01395,1,1,1,1,1,1
C01396,1,0,1,0,1,1
C01397,1,1,1,0,1,0
C01398,1,0,1,1,1,1
C01399,1,1,0,0,0,1
C01400,0,1,0,0,1,0
C01401,1,0,0,1,0,1
C01402,1,1,0,0,1,0
C01403,1,1,1,1,0,0
C01404,1,1,1,0,0,0
C01405,1,1,0,1,0,0
C01406,1,1,1,1,1,1
C01407,1,1,1,1,0,0
C01408,1,1,0,0,0,1
C01409,1,1,0,0,0,1
C01410,1,0,1,1,0,0
C01411,1,1,1,0,1,1
C01412,1,1,1,0,1,0
C01413,1,1,1,1,1,1
C01414,1,0,1,1,1,1
C01415,0,1,0,1,0,1
C01416,0,0,1,1,0,1
C01417,1,1,1,0,1,0
C01418,1,0,1,0,0,1
C01419,1,1,1,0,1,0
C01420,0,1,0,1,1,1
C01421,1,1,0,0,1,0
C01422,0,1,1,1,1,1
C01423,0,1,1,1,0,0
C01424,0,1,1,1,0,1
C01425,1,1,0,1,0,0
C01426,1,1,0,0,0,1
C01427,1,1,1,0,1,1
C01428,1,0,1,1,0,1
C01429,1,0,1,0,0,0
C01430,1,0,1,0,0,1
C01431,1,1,0,1,0,1
C01432,0,1,1,0,1,1
C01433,1,1,1,1,0,1
C01434,1,0,0,1,0,1
C01435,1,0,0,1,1,1
C01436,0,1,1,0,1,1
C01437,1,1,0,0,0,1
C01438,1,1,1,0,0,1
C01439,0,1,0,1,0,1
C01440,1,1,1,0,0,0
C01441,0,1,1,1,1,0
C01442,1,0,1,0,0,1
C01443,1,1,0,1,0,1
C01444,1,1,1,0,0,0
C01445,0,1,1,1,1,1
C01446,1,1,1,1,1,1
C01447,1,1,1,1,1,1
C01448,1,1,0,0,0,1
C01449,1,1,1,1,1,0
C01450,1,1,1,0,0,1
C01451,1,1,0,1,0,0
C01452,1,1,0,0,1,0
C01453,1,1,1,1,0,1
C01454,1,1,1,0,0,1
C01455,1,1,0,1,1,1
C01456,1,1,1,0,0,1
C01457,1,0,0,1,1,1
C01458,1,1,0,1,1,1
C01459,0,0,1,0,0,0
C01460,0,1,1,1,1,1
C01461,1,1,1,1,0,0
C01462,1,0,1,0,0,0
C01463,1,1,1,0,1,0
C01464,1,1,0,1,1,1
C01465,1,1,1,1,0,0
C01466,1,1,1,0,1,1
C01467,1,0,1,0,0,1
C01468,1,0,1,0,1,1
C01469,1,0,1,1,0,1
C01470,1,1,1,0,0,0
C01471,1,1,1,0,0,1
C01472,1,1,1,1,1,0
C01473,1,1,1,0,0,1
C01474,0,1,1,0,1,0
C01475,1,1,1,1,1,1
C01476,1,0,1,0,0,1
C01477,1,1,0,1,0,1
C01478,1,1,0,1,1,1
C01479,1,1,1,1,1,1
C01480,1,1,1,1,1,0
C01481,1,1,0,0,0,0
C01482,1,1,1,1,0,1
C01483,1,1,1,1,0,1
C01484,1,1,1,0,0,0
C01485,1,1,0,1,0,1
C01486,1,1,0,1,0,1
C01487,1,1,0,0,1,0
C01488,1,1,1,0,1,1
C01489,1,1,0,1,0,0
C01490,1,1,1,0,1,1
C01491,1,0,0,0,0,0
C01492,1,1,1,0,0,0
C01493,1,1,1,1,0,0
C01494,1,1,1,1,0,1
C01495,1,1,0,0,1,0
C01496,1,1,1,1,1,1
C01497,1,1,1,1,1,1
C01498,1,0,0,1,1,1
C01499,1,0,1,1,0,0
C01500,1,1,0,0,1,1
C01501,1,1,1,1,0,1
C01502,1,1,0,1,0,0
C01503,0,1,0,0,1,1
C01504,1,1,1,0,1,1
C01505,1,0,0,0,0,1
C01506,1,0,0,0,0,1
C01507,1,1,1,1,1,1
C01508,0,0,0,1,1,1
C01509,1,1,1,0,1,1
C01510,1,1,0,0,0,1
C01511,0,1,0,0,0,1
C01512,0,1,1,0,0,1
C01513,1,1,0,0,0,0
C01514,1,1,0,1,1,1
C01515,1,1,0,1,0,1
C01516,1,1,1,0,1,1
C01517,1,0,0,0,1,1
C01518,1,1,1,1,1,1
C01519,1,0,1,0,0,0
C01520,1,1,1,0,1,0
C01521,1,1,0,1,1,0
C01522,1,0,0,1,0,1
C01523,1,1,0,0,1,0
C01524,1,0,0,1,0,1
C01525,1,1,0,0,1,0
C01526,0,1,1,1,1,0
C01527,1,1,1,1,1,0
C01528,1,0,0,1,0,1
C01529,1,1,1,1,0,1
C01530,1,1,1,0,0,0
C01531,1,1,1,1,0,1
C01532,0,0,1,0,0,1
C01533,1,1,0,1,1,1
C01534,1,1,1,0,1,0
C01535,1,0,1,0,0,0
C01536,0,1,0,1,1,1
C01537,0,1,0,0,0,1
C01538,1,1,0,1,1,1
C01539,1,1,1,1,0,1
C01540,1,1,1,1,0,1
C01541,1,1,1,0,1,1
C01542,0,1,1,1,1,0
C01543,1,1,1,0,0,0
C01544,1,1,0,0,1,0
C01545,0,1,0,1,1,1
C01546,1,1,1,0,0,0
C01547,1,1,0,0,1,1
C01548,1,1,0,1,0,1
C01549,0,1,1,0,1,1
C01550,1,1,0,1,0,1
C01551,0,1,1,0,0,0
C01552,0,1,0,0,0,1
C01553,1,1,1,1,0,1
C01554,1,1,1,0,1,1
C01555,1,1,1,1,0,1
C01556,1,1,1,0,1,0
C01557,1,1,1,1,1,1
C01558,1,0,1,0,1,1
C01559,1,0,1,1,0,1
C01560,1,1,0,1,0,0
C01561,1,1,1,0,0,1
C01562,1,1,1,0,0,1
C01563,1,1,1,1,0,1
C01564,1,1,1,1,1,0
C01565,1,1,1,0,0,0
C01566,1,1,1,0,0,1
C01567,1,1,1,0,1,1
C01568,1,1,1,1,0,0
C01569,1,1,1,0,0,0
C01570,1,1,1,0,0,1
C01571,1,1,1,1,1,1
C01572,0,0,1,1,1,1
C01573,0,1,1,1,0,0
C01574,1,0,0,0,0,0
C01575,1,1,1,0,0,0
C01576,1,1,0,1,1,0
C01577,1,1,1,1,1,0
C01578,1,1,0,0,0,0
C01579,1,0,1,0,1,0
C01580,1,1,0,0,0,0
C01581,1,1,0,0,0,0
C01582,0,1,0,0,0,0
C01583,1,1,1,1,0,1
C01584,1,1,0,1,1,1
C01585,0,1,1,0,0,0
C01586,1,1,1,1,0,1
C01587,1,1,0,1,0,1
C01588,0,1,0,0,1,1
C01589,1,1,1,0,0,0
C01590,0,0,0,1,1,1
C01591,1,1,1,1,0,1
C01592,0,1,1,1,1,1
C01593,1,1,1,1,0,1
C01594,1,1,1,0,0,1
C01595,1,1,0,1,1,0
C01596,1,0,1,0,1,1
C01597,1,1,1,1,1,0
C01598,1,1,1,1,0,1
C01599,1,1,0,1,0,0
C01600,1,1,1,0,1,1
C01601,1,1,1,1,0,0
C01602,0,1,1,1,1,1
C01603,1,1,1,1,0,1
C01604,0,1,1,1,0,1
C01605,1,0,1,0,1,0
C01606,0,0,1,0,1,1
C01607,1,0,0,1,0,0
C01608,0,1,0,1,1,0
C01609,1,1,1,1,0,1
C01610,1,1,0,0,1,0
C01611,1,0,1,0,1,0
C01612,1,1,0,0,0,1
C01613,1,1,0,1,1,0
C01614,1,1,0,1,1,1
C01615,1,1,0,0,0,0
C01616,0,1,1,1,1,1
C01617,1,1,0,1,1,0
C01618,1,0,0,1,0,1
C01619,1,0,1,1,1,1
C01620,0,0,1,0,1,0
C01621,1,1,1,0,0,0
C01622,1,0,1,0,0,1
C01623,1,1,1,0,1,1
C01624,0,0,1,1,0,1
C01625,1,1,0,0,0,0
C01626,1,1,1,1,0,0
C01627,0,1,1,1,1,0
C01628,1,1,1,0,1,1
C01629,1,1,1,0,0,0
C01630,1,1,0,0,0,1
C01631,1,1,1,0,0,1
C01632,0,1,0,1,1,0
C01633,1,0,1,0,0,0
C01634,1,1,1,1,1,1
C01635,0,1,0,1,0,0
C01637,0,1,1,1,1,1
C01638,0,0,0,1,0,1
C01639,1,1,1,1,0,0
C01640,1,1,1,0,0,1
C01641,1,1,1,1,1,1
C01642,1,1,1,1,0,1
C01643,1,1,1,1,1,1
C01644,1,1,1,1,0,1
C01645,1,1,0,0,1,1
C01646,0,1,1,0,1,1
C01647,1,1,1,1,1,1
C01648,1,1,1,1,1,0
C01649,1,1,1,1,0,0
C01650,1,1,0,1,0,1
C01651,0,1,0,1,0,1
C01652,1,1,0,1,1,1
C01653,1,1,1,1,0,0
C01654,1,0,1,1,1,1
C01655,1,1,1,1,1,1
C01656,0,1,0,1,1,0
C01657,1,1,0,1,1,1
C01658,1,0,1,0,0,0
C01659,1,1,1,1,0,0
C01660,1,1,1,0,0,1
C01661,1,1,1,1,0,1
C01662,0,1,1,1,0,0
C01663,1,1,1,1,0,1
C01664,1,1,1,0,0,0
C01665,1,1,0,1,1,1
C01666,1,1,1,0,0,1
C01667,1,1,1,1,1,1
C01668,1,1,1,0,0,1
C01669,1,1,1,0,0,0
C01670,0,1,0,1,0,0
C01671,1,1,1,1,1,1
C01672,1,1,1,0,0,1
C01673,1,1,1,1,1,1
C01674,1,1,0,0,1,0
C01675,1,1,1,0,0,0
C01676,1,0,1,0,0,1
C01677,1,1,1,1,1,0
C01678,1,1,1,0,0,1
C01679,0,1,0,0,1,0
C01680,1,0,1,0,0,1
C01681,1,0,1,0,0,1
C01682,1,1,0,1,0,0
C01683,1,0,1,1,0,1
C01684,0,1,1,0,1,1
C01685,1,0,1,1,1,1
C01686,1,1,1,1,0,0
C01687,1,1,1,1,0,1
C01688,1,1,0,0,0,1
C01689,1,1,1,0,1,1
C01690,1,1,0,0,1,1
C01691,0,1,1,0,1,0
C01692,1,1,1,1,1,0
C01693,1,1,1,0,0,1
C01694,1,1,0,1,0,1
C01695,1,1,0,1,1,1
C01696,1,0,1,0,0,1
C01697,1,0,1,1,0,0
C01698,0,1,1,1,1,0
C01699,0,0,0,0,1,0
C01700,1,0,0,1,0,0
C01701,0,1,0,1,0,1
C01702,1,1,0,0,0,1
C01703,1,1,0,1,0,1
C01704,1,0,0,1,0,0
C01705,1,1,1,0,1,1
C01706,0,1,1,0,0,0
C01707,1,1,1,0,1,1
C01708,0,1,0,1,0,1
C01709,1,0,1,0,1,0
C01710,1,1,1,0,1,0
C01711,0,1,1,0,1,1
C01712,1,1,0,1,0,1
C01713,1,1,0,1,1,1
C01714,1,1,1,1,1,0
C01715,0,1,1,0,0,1
C01716,0,1,1,0,0,1
C01717,1,1,1,1,0,1
C01718,1,1,1,0,0,0
C01719,0,1,0,0,0,1
C01720,1,1,1,0,0,1
C01721,0,0,0,0,1,1
C01722,1,1,1,1,1,1
C01723,1,1,1,0,1,0
C01724,1,1,1,0,0,0
C01725,1,1,1,0,1,1
C01726,1,1,1,1,1,1
C01727,1,0,1,1,0,0
C01728,1,1,1,0,0,1
C01729,0,1,1,0,1,0
C01730,0,1,0,0,0,1
C01731,1,1,1,0,1,0
C01732,1,1,1,1,1,0
C01733,1,0,0,1,0,1
C01734,1,1,0,1,1,1
C01735,1,1,1,0,1,1
C01736,1,1,1,1,0,0
C01737,1,1,1,0,0,0
C01738,0,1,0,1,1,0
C01739,1,1,1,1,0,1
C01740,1,1,1,1,0,1
C01741,1,1,0,0,0,1
C01742,1,1,0,1,1,1
C01743,1,1,1,1,1,0
C01744,1,1,1,0,0,0
C01745,0,1,0,0,0,0
C01746,1,0,0,0,0,1
C01747,1,1,1,1,1,1
C01748,0,1,0,0,1,0
C01749,1,1,1,0,1,1
C01750,1,1,1,1,0,0
C01751,0,1,0,0,0,1
C01752,1,0,1,1,0,1
C01753,1,1,0,0,0,1
C01754,1,0,1,0,0,0
C01755,0,1,1,1,0,1
C01756,1,1,1,0,0,0
C01757,1,1,0,1,0,1
C01758,1,1,1,0,0,0
C01759,1,1,1,1,0,0
C01760,0,1,1,1,0,0
C01761,1,0,0,0,1,1
C01762,1,1,0,1,1,0
C01763,1,1,1,1,0,0
C01764,1,1,0,0,1,0
C01765,1,1,0,0,0,1
C01766,1,1,1,1,1,1
C01767,1,1,1,1,0,0
C01768,1,1,1,1,0,1
C01769,1,1,1,0,1,1
C01770,1,1,1,1,1,1
C01771,1,1,1,1,1,0
C01772,0,1,1,0,1,0
C01773,1,1,1,1,0,0
C01774,1,1,1,1,0,0
C01775,1,1,1,1,0,0
C01776,1,1,1,0,1,0
C01777,1,0,0,0,0,1
C01778,1,1,0,0,0,1
C01779,0,1,1,0,1,0
C01780,0,1,0,1,1,1
C01781,1,1,1,1,0,0
C01782,1,1,1,1,0,1
C01783,1,1,1,0,0,0
C01784,1,1,0,1,1,0
C01785,1,1,1,1,0,1
C01786,1,1,1,0,1,0
C01787,0,1,1,0,1,1
C01788,1,1,0,1,1,1
C01789,0,1,1,1,1,1
C01790,1,1,0,1,0,1
C01791,1,1,0,1,0,0
C01792,1,1,0,1,0,1
C01793,1,1,1,1,1,1
C01794,0,1,1,0,1,0
C01795,1,1,1,0,1,1
C01796,1,0,1,1,1,0
C01797,1,1,1,0,0,0
C01798,1,1,0,1,0,0
C01799,1,0,1,0,0,1
C01800,1,0,1,0,1,0
C01801,1,1,1,0,0,1
C01802,1,1,1,0,0,0
C01803,1,1,0,1,0,1
C01804,1,1,1,0,0,1
C01805,0,1,1,1,0,0
C01806,1,1,1,1,1,1
C01807,0,1,0,0,1,1
C01808,1,1,1,0,0,1
C01809,1,0,1,1,0,0
C01810,1,1,0,1,1,1
C01811,1,1,0,1,0,1
C01812,1,1,1,0,0,1
C01813,1,1,1,1,1,1
C01814,1,1,1,0,1,0
C01815,1,1,1,0,1,0
C01816,1,1,1,1,1,0
C01817,0,1,1,0,1,1
C01818,1,1,0,1,1,1
C01819,0,0,1,1,0,1
C01820,1,1,1,1,1,1
C01821,1,1,1,1,0,0
C01822,1,1,1,0,0,0
C01823,1,1,1,0,1,1
C01824,1,1,1,0,0,1
C01825,1,1,1,0,1,0
C01826,1,1,0,1,1,1
C01827,1,1,0,0,1,0
C01828,1,1,1,0,1,1
C01829,1,1,1,0,0,1
C01830,1,1,0,0,0,1
C01831,1,1,1,1,1,1
C01832,1,1,1,1,0,1
C01833,0,0,0,0,1,1
C01834,1,1,0,1,0,1
C01835,1,1,1,1,0,0
C01836,1,1,1,0,0,0
C01837,1,1,1,1,0,1
C01838,1,1,0,0,0,1
C01839,1,0,1,1,1,0
C01840,1,1,0,0,1,0
C01841,1,1,1,1,1,1
C01842,1,1,1,1,1,1
C01843,1,1,1,0,1,1
C01844,1,1,0,0,1,1
C01845,1,1,1,1,1,1
C01846,0,1,0,0,0,1
C01847,1,1,1,1,0,0
C01848,1,1,1,1,1,1
C01849,1,0,1,1,1,1
C01850,1,1,1,0,0,1
C01851,1,1,1,1,0,0
C01852,1,0,1,0,0,1
C01853,1,0,1,1,1,0
C01854,1,1,1,0,0,0
C01855,1,1,1,0,0,0
C01856,1,1,1,1,1,0
C01857,0,1,0,1,0,1
C01858,1,1,1,1,0,1
C01859,1,1,0,1,1,0
C01860,1,0,0,1,1,0
C01861,1,1,1,1,0,1
C01862,1,1,1,1,0,0
C01863,0,1,0,1,0,1
C01864,1,1,0,1,1,0
C01865,1,1,1,1,1,0
C01866,0,1,0,1,1,1
C01867,1,1,1,1,1,0
C01868,1,1,1,1,0,1
C01869,1,1,1,0,1,0
C01870,1,0,0,1,1,0
C01871,1,1,1,1,0,1
C01872,0,1,1,0,1,0
C01873,1,0,1,1,0,1
C01874,1,1,0,1,0,0
C01875,1,0,1,0,0,1
C01876,1,1,0,0,1,1
C01877,1,1,1,0,0,0
C01878,1,1,1,1,0,0
C01879,1,0,1,0,0,0
C01880,1,1,0,0,0,0
C01881,1,1,1,0,0,0
C01882,1,0,0,0,1,1
C01883,0,1,1,1,1,1
C01884,1,1,1,1,1,0
C01885,1,1,1,0,1,0
C01886,1,1,0,0,1,1
C01887,1,1,1,0,1,1
C01888,1,1,1,1,1,0
C01889,1,1,1,0,0,1
C01890,1,1,0,1,1,1
C01891,1,0,1,0,0,0
C01892,1,1,0,1,1,0
C01893,1,1,1,0,1,1
C01894,1,1,1,1,0,1
C01895,1,1,1,1,0,1
C01896,1,0,0,1,0,0
C01897,1,1,0,0,0,1
C01898,1,0,0,1,1,1
C01899,0,1,1,1,1,1
C01900,1,0,1,0,0,1
C01901,1,0,1,0,1,1
C01902,1,1,1,1,0,0
C01903,1,1,1,1,1,0
C01904,1,1,1,0,1,1
C01905,1,1,1,0,0,0
C01906,1,1,1,0,0,0
C01907,1,1,1,1,0,1
C01908,1,1,1,1,0,1
C01909,1,0,1,1,0,1
C01910,1,1,0,1,1,0
C01911,1,1,0,0,1,1
C01912,1,1,0,0,0,1
C01913,1,1,0,0,0,0
C01914,1,1,1,1,0,0
C01915,1,1,0,0,0,0
C01916,1,1,1,1,0,1
C01917,1,1,1,1,1,0
C01918,1,1,1,0,0,1
C01919,0,1,0,1,0,0
C01920,1,1,0,1,0,1
C01921,1,1,1,0,0,0
C01922,1,1,1,0,0,0
C01923,1,1,1,1,0,0
C01924,1,1,0,1,0,0
C01925,1,0,1,0,0,0
C01926,1,1,1,1,0,1
C01927,0,1,1,0,1,1
C01928,0,1,1,0,1,0
C01929,1,1,1,0,1,1
C01930,1,1,0,1,0,1
C01931,1,1,1,1,1,0
C01932,1,1,1,1,1,1
C01933,1,1,0,0,0,1
C01934,1,0,1,0,1,1
C01935,1,1,0,1,0,0
C01936,0,0,1,0,0,0
C01937,0,1,1,1,0,0
C01938,1,1,1,1,0,1
C01939,1,0,1,1,1,1
C01940,0,1,0,0,1,0
C01941,1,1,1,1,0,1
C01942,1,0,0,0,1,1
C01943,1,1,0,1,0,1
C01944,0,1,0,0,0,1
C01945,0,1,1,1,1,1
C01946,1,1,1,1,1,0
C01947,1,1,0,1,0,1
C01948,1,1,0,0,1,1
C01949,0,1,1,1,1,1
C01950,1,1,0,0,0,1
C01951,1,1,1,0,1,1
C01952,1,0,0,1,0,1
C01953,1,1,1,1,1,1
C01954,1,1,1,0,0,1
C01955,1,1,1,0,0,0
C01956,0,1,1,1,0,0
C01957,1,1,1,0,1,0
C01958,1,1,0,0,1,1
C01959,1,1,0,0,1,1
C01960,1,0,0,1,0,1
C01961,0,1,1,1,1,0
C01962,1,1,0,1,1,0
C01963,0,1,1,1,1,0
C01964,0,1,1,0,1,1
C01965,1,1,1,0,0,1
C01966,1,1,1,0,1,1
C01967,1,1,0,0,1,1
C01968,1,1,1,1,0,1
C01969,1,0,0,0,0,1
C01970,1,1,0,1,1,0
C01971,1,1,1,1,0,0
C01972,1,1,0,0,0,1
C01973,1,1,0,1,1,1
C01974,1,1,1,0,1,1
C01975,1,1,0,1,1,1
C01976,1,1,1,0,1,1
C01977,1,0,0,0,0,1
C01978,1,1,1,1,0,1
C01979,1,1,0,1,0,0
C01980,1,0,1,0,0,1
C01981,1,1,0,1,1,0
C01982,0,1,0,1,1,0
C01983,1,1,0,0,0,0
C01984,0,1,0,1,1,1
C01985,1,1,1,1,1,1
C01986,0,1,0,0,1,1
C01987,1,1,0,0,1,1
C01988,1,0,0,0,1,1
C01989,1,1,1,0,0,0
C01990,1,1,1,1,0,1
C01991,1,1,0,0,0,1
C01992,1,1,1,1,1,1
C01993,1,1,1,0,0,1
C01994,0,1,1,1,0,0
C01995,1,1,1,0,1,0
C01996,1,1,0,0,0,0
C01997,1,1,1,0,0,1
C01998,0,1,1,1,1,0
C01999,1,0,0,1,0,1
C02000,1,1,1,0,1,0
